Year,Crop,District,grand_total_production,grand_total_area,Rain_fall_actual(mm),Rain_fall_deviation(%),Temp_max(C),Temp_min(C),Yield,Temp_mean(C),Tbase,GDD_Year
2016,Banana,ALAPPUZHA,3824.15,436.21,2485.066667,-0.115833333,35.31666667,23.675,8.766763715,29.49583333,8,21.49583333
2017,Banana,ALAPPUZHA,3466.214,487.31,2041,-0.271666667,36.5,20.3,7.112954793,28.4,8,20.4
2018,Banana,ALAPPUZHA,4038.857,541.65,2421.933333,0.090833333,35.75833333,20.875,7.456580818,28.31666667,8,20.31666667
2019,Banana,ALAPPUZHA,1715.127,290.02,3198.908333,0.1775,34.80833333,20.18333333,5.913823185,27.49583333,8,19.49583333
2020,Banana,ALAPPUZHA,2180.394,353.51,3131.458333,0.155,33.75,22.525,6.167842494,28.1375,8,20.1375
2021,Banana,ALAPPUZHA,2034.072,288.6,3380.325,0.241666667,33.16666667,21.91666667,7.048066528,27.54166667,8,19.54166667
2022,Banana,ALAPPUZHA,2511.052,370.28,3203.3,0.164166667,35.50833333,21.65,6.781495085,28.57916667,8,20.57916667
2023,Banana,ALAPPUZHA,3073.585,371.74,1966.241667,-0.295,35.13333333,18.8,8.268104051,26.96666667,8,18.96666667
2024,Banana,ALAPPUZHA,2907.303,343.01,2946.833333,0.118333333,36.01666667,23.775,8.475854931,29.89583333,8,21.89583333
2016,Banana,ERNAKULAM,44525.93,4758.15,2848.607143,-0.086428571,36.01428571,23.14285714,9.357823944,29.57857143,8,21.57857143
2017,Banana,ERNAKULAM,45314.599,4867.6,2268.571429,-0.22,37.64285714,20.92857143,9.309433602,29.28571429,8,21.28571429
2018,Banana,ERNAKULAM,46872.288,4945.99,2723.042857,0.115,36.11428571,20.28571429,9.476826277,28.2,8,20.2
2019,Banana,ERNAKULAM,33197.528,4693.39,3800.271429,0.261428571,34.50714286,20.65714286,7.07325153,27.58214286,8,19.58214286
2020,Banana,ERNAKULAM,44985.959,5196.28,3743.057143,0.249285714,34.14285714,23.5,8.657339289,28.82142857,8,20.82142857
2021,Banana,ERNAKULAM,46276.985,4757.88,3735.2,0.235,35.2,20.72857143,9.726387593,27.96428571,8,19.96428571
2022,Banana,ERNAKULAM,44831.048,4732.92,3853.642857,0.267857143,34.82142857,21.34285714,9.472175317,28.08214286,8,20.08214286
2023,Banana,ERNAKULAM,46169.699,4560.38,2785.7,-0.095,34.28571429,18.27857143,10.12409032,26.28214286,8,18.28214286
2024,Banana,ERNAKULAM,44427.917,4580.38,3127.957143,0.44,36.71428571,23.24285714,9.699613788,29.97857143,8,21.97857143
2016,Banana,IDUKKI,29744.12,3437.49,2554.175,0.22625,34.05,15.375,8.652860081,24.7125,8,16.7125
2017,Banana,IDUKKI,28940.941,3288.24,2068.3625,-0.00875,32.875,18.25,8.801346921,25.5625,8,17.5625
2018,Banana,IDUKKI,30996.766,3216.12,2633.575,0.52875,30.2,14.6,9.637938261,22.4,8,14.4
2019,Banana,IDUKKI,27222.724,3085.47,3856.325,0.91625,31.85,16.375,8.822877552,24.1125,8,16.1125
2020,Banana,IDUKKI,31229.79,3183.34,2864.25,0.3725,32.5,18.875,9.81038469,25.6875,8,17.6875
2021,Banana,IDUKKI,31671.794,3354.17,3301.2,0.605,28.5,21.6125,9.442513051,25.05625,8,17.05625
2022,Banana,IDUKKI,27430.735,2551.21,3733.6125,0.8,29.425,14.375,10.75204903,21.9,8,13.9
2023,Banana,IDUKKI,28275.278,2579.26,2839.55,0.335,24.4375,11.85,10.96255438,18.14375,8,10.14375
2024,Banana,IDUKKI,29392.327,2467.64,2785.8375,0.07,34.75,15.475,11.91110818,25.1125,8,17.1125
2016,Banana,KANNUR,18938,2034.24,2691.336364,-0.183636364,37.85454545,21.84545455,9.309619317,29.85,8,21.85
2017,Banana,KANNUR,15597.555,1724.32,2641.554545,-0.147272727,36.64545455,21.80909091,9.045626682,29.22727273,8,21.22727273
2018,Banana,KANNUR,15987.203,1887.53,2476.518182,0.044545455,36.68181818,20.30909091,8.469906703,28.49545455,8,20.49545455
2019,Banana,KANNUR,14941.202,1583.69,3597.536364,0.193636364,32.8,20.50909091,9.434423404,26.65454545,8,18.65454545
2020,Banana,KANNUR,20193.388,1887.61,4521.518182,0.484545455,35,20.89090909,10.69786026,27.94545455,8,19.94545455
2021,Banana,KANNUR,17275.283,1692.25,4429.727273,0.427272727,35.74545455,23.7,10.20846979,29.72272727,8,21.72272727
2022,Banana,KANNUR,14018.253,1387.62,3455.027273,0.138181818,37.85454545,19.02727273,10.10237169,28.44090909,8,20.44090909
2023,Banana,KANNUR,11035.589,1161.33,3178,0.047272727,37.80909091,18.64545455,9.502543635,28.22727273,8,20.22727273
2024,Banana,KANNUR,10521.951,1098.36,2870.554545,-2.430909091,38.55454545,21.94545455,9.579692451,30.25,8,22.25
2016,Banana,KASARAGOD,6941.59,632.58,2622.516667,0.023333333,38.23333333,19.11666667,10.9734579,28.675,8,20.675
2017,Banana,KASARAGOD,6912.254,651.44,2625.45,-0.356666667,37.63333333,20.45,10.61073007,29.04166667,8,21.04166667
2018,Banana,KASARAGOD,6718.694,675.37,2431.95,-0.213333333,37.71666667,20.86666667,9.948167671,29.29166667,8,21.29166667
2019,Banana,KASARAGOD,5613.25,642.75,3051,-0.226666667,34.86666667,19.33333333,8.733177752,27.1,8,19.1
2020,Banana,KASARAGOD,6785.813,616.2,4294.766667,0.111666667,36,20.83333333,11.01235475,28.41666667,8,20.41666667
2021,Banana,KASARAGOD,6609.226,685.85,4737.25,0.195,35.5,24.03333333,9.63654735,29.76666667,8,21.76666667
2022,Banana,KASARAGOD,4987.106,458.29,3239.233333,-0.196666667,35.31666667,20.36666667,10.88198739,27.84166667,8,19.84166667
2023,Banana,KASARAGOD,3644.721,359.65,3136.966667,-0.223333333,36.96666667,18.33333333,10.13407758,27.65,8,19.65
2024,Banana,KASARAGOD,3767.165,344.21,2829.066667,-4.088333333,38.93333333,19.21666667,10.94437988,29.075,8,21.075
2016,Banana,KOLLAM,20142,2852.73,2541.345455,0.089090909,35.41818182,21.98181818,7.060605105,28.7,8,20.7
2017,Banana,KOLLAM,19393.737,2733.27,1802.072727,-0.229090909,35.16363636,21.17272727,7.095434041,28.16818182,8,20.16818182
2018,Banana,KOLLAM,23107.459,3332.28,2459.1,0.255454545,35.95454545,20.91454545,6.93442898,28.43454545,8,20.43454545
2019,Banana,KOLLAM,25411.049,3385.57,2646.627273,0.16,35.15454545,20.70909091,7.505692985,27.93181818,8,19.93181818
2020,Banana,KOLLAM,23202.765,3413.32,2783.627273,0.224545455,36.18181818,22.72727273,6.797711612,29.45454545,8,21.45454545
2021,Banana,KOLLAM,20693.532,3235.64,3142.527273,0.372727273,34,21.84545455,6.395498881,27.92272727,8,19.92272727
2022,Banana,KOLLAM,18645.136,2675.98,2920.027273,0.285454545,30.93636364,19.38181818,6.967591686,25.15909091,8,17.15909091
2023,Banana,KOLLAM,22480.843,3079.58,1683.536364,-0.272727273,35.51818182,17.97272727,7.299970451,26.74545455,8,18.74545455
2024,Banana,KOLLAM,20685.443,2734.41,2429.981818,0.254545455,36.11818182,22.08181818,7.564865181,29.1,8,21.1
2016,Banana,KOTTAYAM,23356.06,2889.4,11952.75455,2.613636364,35.06363636,23.69090909,8.083359867,29.37727273,8,21.37727273
2017,Banana,KOTTAYAM,21387.602,2650.72,20276.05455,5.145454545,35.51818182,19.48181818,8.068600984,27.5,8,19.5
2018,Banana,KOTTAYAM,25126.12,2968.75,2802.045455,0.071818182,36.46363636,20.81818182,8.463535158,28.64090909,8,20.64090909
2019,Banana,KOTTAYAM,28209.558,3129.6,3973.309091,0.245454545,34.56545455,19.60545455,9.013790261,27.08545455,8,19.08545455
2020,Banana,KOTTAYAM,31896.437,3235.6,3539.181818,0.108181818,33.36363636,21.54545455,9.857966683,27.45454545,8,19.45454545
2021,Banana,KOTTAYAM,30526.544,3270.02,3783.936364,0.180909091,38,22.41818182,9.33527746,30.20909091,8,22.20909091
2022,Banana,KOTTAYAM,31832.9,3177.94,3879.936364,0.195454545,35.47272727,21.28181818,10.0168348,28.37727273,8,20.37727273
2023,Banana,KOTTAYAM,32541.419,3401.87,2456.318182,-0.251818182,37.33636364,21.31818182,9.565744429,29.32727273,8,21.32727273
2024,Banana,KOTTAYAM,32150.483,3291.86,3185.536364,0.017272727,35.76363636,23.79090909,9.766661705,29.77727273,8,21.77727273
2016,Banana,KOZHIKODE,17663.93,1921.87,2622.858333,-0.035,38.39166667,22.50833333,9.191011879,30.45,8,22.45
2017,Banana,KOZHIKODE,15608.145,1651.05,2170.516667,-0.224166667,36.95,21.33333333,9.453465976,29.14166667,8,21.14166667
2018,Banana,KOZHIKODE,12801.965,1505.31,2392.958333,0.151666667,36.88333333,20.655,8.504537271,28.76916667,8,20.76916667
2019,Banana,KOZHIKODE,11991.415,1330.67,3766.125,0.389166667,33.4,21.35,9.011561845,27.375,8,19.375
2020,Banana,KOZHIKODE,11265.128,1481.41,3702.458333,0.358333333,34.575,21.59166667,7.604328309,28.08333333,8,20.08333333
2021,Banana,KOZHIKODE,24220.897,2111.62,3946.483333,0.4275,35.41666667,18.3,11.47029153,26.85833333,8,18.85833333
2022,Banana,KOZHIKODE,16642.965,1455.11,3357.966667,0.205833333,36.13333333,22.175,11.43759922,29.15416667,8,21.15416667
2023,Banana,KOZHIKODE,19698.039,1533.04,3200.375,0.145833333,36.99166667,20.15,12.84900524,28.57083333,8,20.57083333
2024,Banana,KOZHIKODE,14333.594,1276.71,2764.533333,0.0125,39.09166667,22.60833333,11.22697715,30.85,8,22.85
2016,Banana,MALAPPURAM,63071.02,7422.93,2064.08,-0.061333333,37.8,20.64666667,8.496782268,29.22333333,8,21.22333333
2017,Banana,MALAPPURAM,53773.088,6595.45,1464.18,-0.424666667,37.16666667,20.86666667,8.153058245,29.01666667,8,21.01666667
2018,Banana,MALAPPURAM,56834.978,6975.25,1974.04,0.018,36.92,20.44666667,8.148091896,28.68333333,8,20.68333333
2019,Banana,MALAPPURAM,38056.19,5313.11,2851.553333,0.170666667,35.55333333,19.99333333,7.162695672,27.77333333,8,19.77333333
2020,Banana,MALAPPURAM,47328.907,5338.9,2804.94,0.142,35.44,20.50666667,8.864917305,27.97333333,8,19.97333333
2021,Banana,MALAPPURAM,36636.334,6217.82,2931.28,0.183333333,34,16.91333333,5.892150947,25.45666667,8,17.45666667
2022,Banana,MALAPPURAM,37395.959,4185.69,2714.18,0.09,35.03333333,19.02666667,8.934239994,27.03,8,19.03
2023,Banana,MALAPPURAM,42109.938,4581.33,3442.74,0.362666667,37.44666667,19.76666667,9.191640419,28.60666667,8,20.60666667
2024,Banana,MALAPPURAM,42005.835,4236.51,2237.106667,0.012,38.5,20.74666667,9.915197887,29.62333333,8,21.62333333
2016,Banana,PALAKKAD,118524.072,15537.5075,1682.5,0.506923077,37.43076923,19.74615385,9.673426347,28.58846154,8,20.58846154
2017,Banana,PALAKKAD,118524.072,15066.44,1303.684615,-0.233846154,38,19,9.177363797,28.5,8,20.5
2018,Banana,PALAKKAD,118524.072,15537.5075,1805.869231,0.330769231,39,19.36153846,11.17160595,29.18076923,8,21.18076923
2019,Banana,PALAKKAD,100376.955,11645.68,2610.730769,0.586153846,37.45384615,20.1,8.619243788,28.77692308,8,20.77692308
2020,Banana,PALAKKAD,111942.029,12511.97,2503.692308,0.476923077,37.90769231,20.59230769,8.946794869,29.25,8,21.25
2021,Banana,PALAKKAD,118524.072,13364.86,2408.184615,0.4,37.43076923,18.46153846,11.3010238,27.94615385,8,19.94615385
2022,Banana,PALAKKAD,97812.884,9817.43,2348.576923,0.349230769,35.9,18.53076923,9.963186292,27.21538462,8,19.21538462
2023,Banana,PALAKKAD,97612.385,9044.76,1964.061538,0.139230769,40.10769231,20.56153846,10.79214761,30.33461538,8,22.33461538
2024,Banana,PALAKKAD,109199.647,9361.26,1857.969231,-0.101538462,40.15384615,19.84615385,11.66505866,30,8,22
2016,Banana,PATHANAMTHITTA,16012.42,2006.78,4383.4875,0.565,34.8875,22.1125,7.979160645,28.5,8,20.5
2017,Banana,PATHANAMTHITTA,15495.869,1948.34,5348.6,0.7575,36.25,20.75,7.953370048,28.5,8,20.5
2018,Banana,PATHANAMTHITTA,15745.06,2102.36,2780.3,0.34125,35.8375,19.3,7.48923115,27.56875,8,19.56875
2019,Banana,PATHANAMTHITTA,14694.651,2059.5,3503.8125,0.46,36,19.375,7.135057538,27.6875,8,19.6875
2020,Banana,PATHANAMTHITTA,17097.258,2094.27,3096.5375,0.2975,35.375,21.625,8.163827014,28.5,8,20.5
2021,Banana,PATHANAMTHITTA,16517.174,1847.66,3631.1375,0.48625,35,22.5125,8.939509434,28.75625,8,20.75625
2022,Banana,PATHANAMTHITTA,13999.508,1827.74,3784.85,0.5775,35.4625,20.7375,7.6594636,28.1,8,20.1
2023,Banana,PATHANAMTHITTA,15288.255,1923.47,2255.4375,-0.095,35.9,19.5875,7.948267974,27.74375,8,19.74375
2024,Banana,PATHANAMTHITTA,14033.203,1831.32,2912.0875,-0.54875,35.5875,22.2125,7.66288961,28.9,8,20.9
2016,Banana,THRISSUR,18834.98,2058,2516.7625,-0.059375,36.25,22.84375,9.152079689,29.546875,8,21.546875
2017,Banana,THRISSUR,17752.175,2100.79,1684.08125,-0.370625,39.3625,19.2875,8.450237768,29.325,8,21.325
2018,Banana,THRISSUR,18167.71,2005.25,1917.3875,-0.049375,36.54375,20.69375,9.06007231,28.61875,8,20.61875
2019,Banana,THRISSUR,7636.257,1588.95,2845.03125,0.105,34.69375,20.96875,4.805851034,27.83125,8,19.83125
2020,Banana,THRISSUR,16490.984,2037.38,3046.94375,0.173125,34.6625,21.95625,8.094211193,28.309375,8,20.309375
2021,Banana,THRISSUR,21453.779,2182.42,3143.11875,0.194375,37.7,19.2875,9.830270525,28.49375,8,20.49375
2022,Banana,THRISSUR,21017.007,2105.11,3315.9125,0.25125,33.075,21.58125,9.983804647,27.328125,8,19.328125
2023,Banana,THRISSUR,19802.208,1791.06,2076.30625,-0.2225,36.8625,18.94375,11.05613882,27.903125,8,19.903125
2024,Banana,THRISSUR,20909.978,1838.44,2456.45625,0.113125,36.95,22.94375,11.37376145,29.946875,8,21.946875
2016,Banana,TRIVANDRUM,17106.06,2518.14,2453.145455,0.537272727,35.90909091,23.75454545,6.793133027,29.83181818,8,21.83181818
2017,Banana,TRIVANDRUM,18373.53,2555.11,1464.681818,-0.102727273,34.27272727,22.27272727,7.190895891,28.27272727,8,20.27272727
2018,Banana,TRIVANDRUM,19896.529,2708.14,2217.3,0.589090909,36.03636364,20.45454545,7.346935166,28.24545455,8,20.24545455
2019,Banana,TRIVANDRUM,24793.988,2740.69,2444.109091,0.57,34.33636364,20.89090909,9.046622566,27.61363636,8,19.61363636
2020,Banana,TRIVANDRUM,29174.43,3177.6,2817.563636,0.801818182,35.81818182,22.45454545,9.181278323,29.13636364,8,21.13636364
2021,Banana,TRIVANDRUM,24421.702,2739.95,2914.254545,0.844545455,34,21.4,8.913192577,27.7,8,19.7
2022,Banana,TRIVANDRUM,15777.693,2506.99,3001.181818,0.906363636,35.27272727,24.24545455,6.293480628,29.75909091,8,21.75909091
2023,Banana,TRIVANDRUM,21568.249,2542.46,1565.372727,-0.019090909,34.80909091,18.14545455,8.483220582,26.47727273,8,18.47727273
2024,Banana,TRIVANDRUM,19169.707,2402.54,2557.081818,19.80545455,36.60909091,23.85454545,7.978933545,30.23181818,8,22.23181818
2016,Banana,WAYANAD,90232.88,9514.06,2159.475,-0.205,28.025,16.825,9.484161336,22.425,8,14.425
2017,Banana,WAYANAD,6653.882,7650.07,2041.125,0.28,34.8,20,0.869780538,27.4,8,19.4
2018,Banana,WAYANAD,73275.4,8702.03,2008.3,0.5975,33.5,16.75,8.420494988,25.125,8,17.125
2019,Banana,WAYANAD,65892.583,7961.35,3510.8,1.2375,33.25,15.575,8.276559001,24.4125,8,16.4125
2020,Banana,WAYANAD,95725.035,9408.01,2703.975,0.7,35.25,17.25,10.1748441,26.25,8,18.25
2021,Banana,WAYANAD,85068.679,8688.91,2942.675,0.8175,32,10.7,9.790489141,21.35,8,13.35
2022,Banana,WAYANAD,88845.662,9452.83,2674.775,0.6175,25.275,14.375,9.398842675,19.825,8,11.825
2023,Banana,WAYANAD,78622.043,8088.97,2739.95,0.6375,30.565,14.275,9.7196606,22.42,8,14.42
2024,Banana,WAYANAD,87145.124,8797.68,2611,0.0375,28.725,16.925,9.905466441,22.825,8,14.825
2016,Paddy,ALAPPUZHA,85775.243,30517.62,2485.066667,-0.115833333,35.31666667,23.675,2.810679306,29.49583333,14,15.49583333
2017,Paddy,ALAPPUZHA,99519.506,31236.88,2041,-0.271666667,36.5,20.3,3.185961786,28.4,14,14.4
2018,Paddy,ALAPPUZHA,104591.136,35547.48,2421.933333,0.090833333,35.75833333,20.875,2.942293969,28.31666667,14,14.31666667
2019,Paddy,ALAPPUZHA,125115.538,37241.98,3198.908333,0.1775,34.80833333,20.18333333,3.359529703,27.49583333,14,13.49583333
2020,Paddy,ALAPPUZHA,86259.815,34042.75,3131.458333,0.155,33.75,22.525,2.533867417,28.1375,14,14.1375
2021,Paddy,ALAPPUZHA,120880.431,38453.24,3380.325,0.241666667,33.16666667,21.91666667,3.143569463,27.54166667,14,13.54166667
2022,Paddy,ALAPPUZHA,88415.76,34902.23,3203.3,0.164166667,35.50833333,21.65,2.533240999,28.57916667,14,14.57916667
2023,Paddy,ALAPPUZHA,114535.667,37446.9,1966.241667,-0.295,35.13333333,18.8,3.058615453,26.96666667,14,12.96666667
2024,Paddy,ALAPPUZHA,125378.311,37365.03,2946.833333,0.118333333,36.01666667,23.775,3.355498738,29.89583333,14,15.89583333
2016,Paddy,ERNAKULAM,12462.407,5861.81,2848.607143,-0.086428571,36.01428571,23.14285714,2.126033938,29.57857143,14,15.57857143
2017,Paddy,ERNAKULAM,10318.201,4577.04,2268.571429,-0.22,37.64285714,20.92857143,2.254339267,29.28571429,14,15.28571429
2018,Paddy,ERNAKULAM,12157.641,5120.68,2723.042857,0.115,36.11428571,20.28571429,2.374223931,28.2,14,14.2
2019,Paddy,ERNAKULAM,10501.827,4709.56,3800.271429,0.261428571,34.50714286,20.65714286,2.229895574,27.58214286,14,13.58214286
2020,Paddy,ERNAKULAM,10241.144,4365.92,3743.057143,0.249285714,34.14285714,23.5,2.34570125,28.82142857,14,14.82142857
2021,Paddy,ERNAKULAM,10224.968,4412.58,3735.2,0.235,35.2,20.72857143,2.317231189,27.96428571,14,13.96428571
2022,Paddy,ERNAKULAM,9871.5,4420.64,3853.642857,0.267857143,34.82142857,21.34285714,2.233047703,28.08214286,14,14.08214286
2023,Paddy,ERNAKULAM,10616.389,4350.21,2785.7,-0.095,34.28571429,18.27857143,2.440431381,26.28214286,14,12.28214286
2024,Paddy,ERNAKULAM,8361.418,3615.29,3127.957143,0.44,36.71428571,23.24285714,2.312793165,29.97857143,14,15.97857143
2016,Paddy,IDUKKI,2104.89,844.96,2554.175,0.22625,34.05,15.375,2.491112005,24.7125,14,10.7125
2017,Paddy,IDUKKI,1572.587,669.31,2068.3625,-0.00875,32.875,18.25,2.349564477,25.5625,14,11.5625
2018,Paddy,IDUKKI,2220.718,796.07,2633.575,0.52875,30.2,14.6,2.789601417,22.4,14,8.4
2019,Paddy,IDUKKI,1510.249,653.31,3856.325,0.91625,31.85,16.375,2.311688173,24.1125,14,10.1125
2020,Paddy,IDUKKI,1420.384,580,2864.25,0.3725,32.5,18.875,2.448937931,25.6875,14,11.6875
2021,Paddy,IDUKKI,1858.191,794.13,3301.2,0.605,28.5,21.6125,2.339907824,25.05625,14,11.05625
2022,Paddy,IDUKKI,896.47,477.09,3733.6125,0.8,29.425,14.375,1.879037498,21.9,14,7.9
2023,Paddy,IDUKKI,891.394,349.78,2839.55,0.335,24.4375,11.85,2.548441878,18.14375,14,4.14375
2024,Paddy,IDUKKI,801.964,328.05,2785.8375,0.07,34.75,15.475,2.444639537,25.1125,14,11.1125
2016,Paddy,KANNUR,10224.553,4703.83,2691.336364,-0.183636364,37.85454545,21.84545455,2.173665502,29.85,14,15.85
2017,Paddy,KANNUR,8681.666,3760.75,2641.554545,-0.147272727,36.64545455,21.80909091,2.308493253,29.22727273,14,15.22727273
2018,Paddy,KANNUR,9096.056,4229.69,2476.518182,0.044545455,36.68181818,20.30909091,2.150525452,28.49545455,14,14.49545455
2019,Paddy,KANNUR,9077.418,4193.41,3597.536364,0.193636364,32.8,20.50909091,2.164686496,26.65454545,14,12.65454545
2020,Paddy,KANNUR,9845.658,4406.98,4521.518182,0.484545455,35,20.89090909,2.234105442,27.94545455,14,13.94545455
2021,Paddy,KANNUR,12189.002,5868.83,4429.727273,0.427272727,35.74545455,23.7,2.076904937,29.72272727,14,15.72272727
2022,Paddy,KANNUR,9200.77,4374.67,3455.027273,0.138181818,37.85454545,19.02727273,2.103191784,28.44090909,14,14.44090909
2023,Paddy,KANNUR,7061.234,3288.61,3178,0.047272727,37.80909091,18.64545455,2.147178899,28.22727273,14,14.22727273
2024,Paddy,KANNUR,7132.685,3218.87,2870.554545,-2.430909091,38.55454545,21.94545455,2.215897194,30.25,14,16.25
2016,Paddy,KASARAGOD,7759.913,3395.86,2622.516667,0.023333333,38.23333333,19.11666667,2.28510981,28.675,14,14.675
2017,Paddy,KASARAGOD,5878.972,2538.93,2625.45,-0.356666667,37.63333333,20.45,2.315531346,29.04166667,14,15.04166667
2018,Paddy,KASARAGOD,4259.975,1836.88,2431.95,-0.213333333,37.71666667,20.86666667,2.319136253,29.29166667,14,15.29166667
2019,Paddy,KASARAGOD,4401.444,1905.27,3051,-0.226666667,34.86666667,19.33333333,2.31014187,27.1,14,13.1
2020,Paddy,KASARAGOD,4409.575,1974.7,4294.766667,0.111666667,36,20.83333333,2.233035398,28.41666667,14,14.41666667
2021,Paddy,KASARAGOD,6045.294,2768.06,4737.25,0.195,35.5,24.03333333,2.183946157,29.76666667,14,15.76666667
2022,Paddy,KASARAGOD,5296.68,2523.8,3239.233333,-0.196666667,35.31666667,20.36666667,2.098692448,27.84166667,14,13.84166667
2023,Paddy,KASARAGOD,4567.938,1963.97,3136.966667,-0.223333333,36.96666667,18.33333333,2.32586954,27.65,14,13.65
2024,Paddy,KASARAGOD,4495.562,1900.23,2829.066667,-4.088333333,38.93333333,19.21666667,2.365798877,29.075,14,15.075
2016,Paddy,KOLLAM,3304.912,1536.76,2541.345455,0.089090909,35.41818182,21.98181818,2.150571332,28.7,14,14.7
2017,Paddy,KOLLAM,2369.111,1287.68,1802.072727,-0.229090909,35.16363636,21.17272727,1.839828995,28.16818182,14,14.16818182
2018,Paddy,KOLLAM,4248.363,1892.01,2459.1,0.255454545,35.95454545,20.91454545,2.245423121,28.43454545,14,14.43454545
2019,Paddy,KOLLAM,4433.042,1928.72,2646.627273,0.16,35.15454545,20.70909091,2.298437306,27.93181818,14,13.93181818
2020,Paddy,KOLLAM,4106.389,2040.7,2783.627273,0.224545455,36.18181818,22.72727273,2.012245308,29.45454545,14,15.45454545
2021,Paddy,KOLLAM,5098.868,2499.7,3142.527273,0.372727273,34,21.84545455,2.039791975,27.92272727,14,13.92272727
2022,Paddy,KOLLAM,4122.6,1824.3,2920.027273,0.285454545,30.93636364,19.38181818,2.259825687,25.15909091,14,11.15909091
2023,Paddy,KOLLAM,4266.001,1793.74,1683.536364,-0.272727273,35.51818182,17.97272727,2.378271656,26.74545455,14,12.74545455
2024,Paddy,KOLLAM,3669.143,1562.72,2429.981818,0.254545455,36.11818182,22.08181818,2.347920933,29.1,14,15.1
2016,Paddy,KOTTAYAM,46037.484,15350.96,11952.75455,2.613636364,35.06363636,23.69090909,2.998997066,29.37727273,14,15.37727273
2017,Paddy,KOTTAYAM,44472.057,16082.21,20276.05455,5.145454545,35.51818182,19.48181818,2.76529513,27.5,14,13.5
2018,Paddy,KOTTAYAM,43983.612,15736.43,2802.045455,0.071818182,36.46363636,20.81818182,2.795018438,28.64090909,14,14.64090909
2019,Paddy,KOTTAYAM,57038.677,20953.64,3973.309091,0.245454545,34.56545455,19.60545455,2.722136917,27.08545455,14,13.08545455
2020,Paddy,KOTTAYAM,45738.553,16736.38,3539.181818,0.108181818,33.36363636,21.54545455,2.732882081,27.45454545,14,13.45454545
2021,Paddy,KOTTAYAM,50049.554,18099.91,3783.936364,0.180909091,38,22.41818182,2.765182479,30.20909091,14,16.20909091
2022,Paddy,KOTTAYAM,44731.98,17094.91,3879.936364,0.195454545,35.47272727,21.28181818,2.616684148,28.37727273,14,14.37727273
2023,Paddy,KOTTAYAM,54168.064,17866.34,2456.318182,-0.251818182,37.33636364,21.31818182,3.03185006,29.32727273,14,15.32727273
2024,Paddy,KOTTAYAM,50713.968,17180.42,3185.536364,0.017272727,35.76363636,23.79090909,2.951846812,29.77727273,14,15.77727273
2016,Paddy,KOZHIKODE,3553.54,2819.76,2622.858333,-0.035,38.39166667,22.50833333,1.260227821,30.45,14,16.45
2017,Paddy,KOZHIKODE,2828.789,1900.49,2170.516667,-0.224166667,36.95,21.33333333,1.488452452,29.14166667,14,15.14166667
2018,Paddy,KOZHIKODE,3797.1,2387.22,2392.958333,0.151666667,36.88333333,20.655,1.590594918,28.76916667,14,14.76916667
2019,Paddy,KOZHIKODE,3336.563,2080.34,3766.125,0.389166667,33.4,21.35,1.603854658,27.375,14,13.375
2020,Paddy,KOZHIKODE,2778.844,2047.38,3702.458333,0.358333333,34.575,21.59166667,1.357268314,28.08333333,14,14.08333333
2021,Paddy,KOZHIKODE,2558.535,2185.98,3946.483333,0.4275,35.41666667,18.3,1.170429281,26.85833333,14,12.85833333
2022,Paddy,KOZHIKODE,2338.03,1757.1,3357.966667,0.205833333,36.13333333,22.175,1.330618633,29.15416667,14,15.15416667
2023,Paddy,KOZHIKODE,2204.79,1580.95,3200.375,0.145833333,36.99166667,20.15,1.394598185,28.57083333,14,14.57083333
2024,Paddy,KOZHIKODE,2352.205,1510.81,2764.533333,0.0125,39.09166667,22.60833333,1.556916489,30.85,14,16.85
2016,Paddy,MALAPPURAM,22948.353,8375.86,2064.08,-0.061333333,37.8,20.64666667,2.739820508,29.22333333,14,15.22333333
2017,Paddy,MALAPPURAM,16136.232,6466.96,1464.18,-0.424666667,37.1,21,2.495180425,29.05,14,15.05
2018,Paddy,MALAPPURAM,21394.412,7117.09,1974.04,0.018,36.92,20.44666667,3.006061747,28.68333333,14,14.68333333
2019,Paddy,MALAPPURAM,24776.735,7536.87,2851.553333,0.170666667,35.55333333,19.99333333,3.28740379,27.77333333,14,13.77333333
2020,Paddy,MALAPPURAM,26138.095,7907.59,2804.94,0.142,35.44,20.50666667,3.305443884,27.97333333,14,13.97333333
2021,Paddy,MALAPPURAM,27733.636,8711.21,2931.28,0.183333333,34,16.91333333,3.183672073,25.45666667,14,11.45666667
2022,Paddy,MALAPPURAM,27914.97,8812.74,2714.18,0.09,35.03333333,19.02666667,3.167569904,27.03,14,13.03
2023,Paddy,MALAPPURAM,30364.443,8692.52,3442.74,0.362666667,37.44666667,19.76666667,3.493169185,28.60666667,14,14.60666667
2024,Paddy,MALAPPURAM,27435.3,8511.74,2237.106667,0.012,38.5,20.74666667,3.223230503,29.62333333,14,15.62333333
2016,Paddy,PALAKKAD,223579.34,74609.39,1682.5,0.506923077,37.43076923,19.74615385,2.826601435,28.58846154,14,14.58846154
2017,Paddy,PALAKKAD,140705.6598,63725.31,1303.684615,-0.233846154,38,19,2.208002751,28.5,14,14.5
2018,Paddy,PALAKKAD,194398.171,73586.49,1805.869231,0.330769231,39,19.36153846,2.641764419,29.18076923,14,15.18076923
2019,Paddy,PALAKKAD,209505.165,74609.39,2610.730769,0.586153846,37.45384615,20.1,2.808016992,28.77692308,14,14.77692308
2020,Paddy,PALAKKAD,224593.9678,74608.61,2503.692308,0.476923077,37.90769231,20.59230769,3.235583279,29.25,14,15.25
2021,Paddy,PALAKKAD,224593.9678,74451.17,2408.184615,0.4,37.43076923,18.46153846,3.22444108,27.94615385,14,13.94615385
2022,Paddy,PALAKKAD,224593.9678,74138.92,2348.576923,0.349230769,35.9,18.53076923,3.191657229,27.21538462,14,13.21538462
2023,Paddy,PALAKKAD,224593.9678,71265.8,1964.061538,0.139230769,40.10769231,20.56153846,3.194208877,30.33461538,14,16.33461538
2024,Paddy,PALAKKAD,176257.1,62212.8,1857.969231,-0.101538462,40.15384615,19.84615385,2.83313241,30,14,16
2016,Paddy,PATHANAMTHITTA,8354.381,2481.7,4383.4875,0.565,34.8875,22.1125,3.366394407,28.5,14,14.5
2017,Paddy,PATHANAMTHITTA,8667.659,2436.63,5348.6,0.7575,36.25,20.75,3.557232325,28.5,14,14.5
2018,Paddy,PATHANAMTHITTA,8205.619,2890.42,2780.3,0.34125,35.8375,19.3,2.838901959,27.56875,14,13.56875
2019,Paddy,PATHANAMTHITTA,10478.868,2848.25,3503.8125,0.46,36,19.375,3.679054858,27.6875,14,13.6875
2020,Paddy,PATHANAMTHITTA,10182.415,3143.19,3096.5375,0.2975,35.375,21.625,3.239516224,28.5,14,14.5
2021,Paddy,PATHANAMTHITTA,9891.868,3343.71,3631.1375,0.48625,35,22.5125,2.958351053,28.75625,14,14.75625
2022,Paddy,PATHANAMTHITTA,7989.67,3104.72,3784.85,0.5775,35.4625,20.7375,2.573394702,28.1,14,14.1
2023,Paddy,PATHANAMTHITTA,9651.621,3092.63,2255.4375,-0.095,35.9,19.5875,3.120845688,27.74375,14,13.74375
2024,Paddy,PATHANAMTHITTA,9130.502,2870.24,2912.0875,-0.54875,35.5875,22.2125,3.181093567,28.9,14,14.9
2016,Paddy,THRISSUR,74591.178,23306.55,2516.7625,-0.059375,36.25,22.84375,3.200438418,29.546875,14,15.546875
2017,Paddy,THRISSUR,53407.683,19475.04,1684.08125,-0.370625,39.3625,19.2875,2.742365767,29.325,14,15.325
2018,Paddy,THRISSUR,62575.631,19205.45,1917.3875,-0.049375,36.54375,20.69375,3.258222588,28.61875,14,14.61875
2019,Paddy,THRISSUR,59972.328,19154.04,2845.03125,0.105,34.69375,20.96875,3.13105371,27.83125,14,13.83125
2020,Paddy,THRISSUR,67395.685,19731.51,3046.94375,0.173125,34.6625,21.95625,3.415637475,28.309375,14,14.309375
2021,Paddy,THRISSUR,77448.134,20975.62,3143.11875,0.194375,37.7,19.2875,3.692292957,28.49375,14,14.49375
2022,Paddy,THRISSUR,64203.3,20784.64,3315.9125,0.25125,33.075,21.58125,3.088978207,27.328125,14,13.328125
2023,Paddy,THRISSUR,67695.092,20097.83,2076.30625,-0.2225,36.8625,18.94375,3.368278665,27.903125,14,13.903125
2024,Paddy,THRISSUR,61089.19,20643.22,2456.45625,0.113125,36.95,22.94375,2.959285906,29.946875,14,15.946875
2016,Paddy,TRIVANDRUM,5317.455,2051.19,2453.145455,0.537272727,35.90909091,23.75454545,2.592375645,29.83181818,14,15.83181818
2017,Paddy,TRIVANDRUM,2971.184,1340.16,1464.681818,-0.102727273,34.27272727,22.27272727,2.217036772,28.27272727,14,14.27272727
2018,Paddy,TRIVANDRUM,4370.274,1667.25,2217.3,0.589090909,36.03636364,20.45454545,2.621246964,28.24545455,14,14.24545455
2019,Paddy,TRIVANDRUM,4916.22,1879.32,2444.109091,0.57,34.33636364,20.89090909,2.615956835,27.61363636,14,13.61363636
2020,Paddy,TRIVANDRUM,4386.113,1744.56,2817.563636,0.801818182,35.81818182,22.45454545,2.51416575,29.13636364,14,15.13636364
2021,Paddy,TRIVANDRUM,5362.881,2032.17,2914.254545,0.844545455,34,21.4,2.638992309,27.7,14,13.7
2022,Paddy,TRIVANDRUM,4183.11,1744.6,3001.181818,0.906363636,35.27272727,24.24545455,2.397747335,29.75909091,14,15.75909091
2023,Paddy,TRIVANDRUM,4114.376,1654.23,1565.372727,-0.019090909,34.80909091,18.14545455,2.487184974,26.47727273,14,12.47727273
2024,Paddy,TRIVANDRUM,3186.523,1295.14,2557.081818,19.80545455,36.60909091,23.85454545,2.460369535,30.23181818,14,16.23181818
2016,Paddy,WAYANAD,23669.038,9191.39,2159.475,-0.205,28.025,16.825,2.575131509,22.425,14,8.425
2017,Paddy,WAYANAD,18496.06,7056.67,2041.125,0.28,34.8,20,2.621074813,27.4,14,13.4
2018,Paddy,WAYANAD,19732.079,7288.09,2008.3,0.5975,33.5,16.75,2.70744173,25.125,14,11.125
2019,Paddy,WAYANAD,20127.998,6945.58,3510.8,1.2375,33.25,15.575,2.897957838,24.4125,14,10.4125
2020,Paddy,WAYANAD,17448.391,6534.94,2703.975,0.7,35.25,17.25,2.670015486,26.25,14,12.25
2021,Paddy,WAYANAD,21012.872,7227.37,2942.675,0.8175,32,10.7,2.907402278,21.35,14,7.35
2022,Paddy,WAYANAD,20436.19,7279.25,2674.775,0.6175,25.275,14.375,2.807458186,19.825,14,5.825
2023,Paddy,WAYANAD,19578.226,6879.733,2739.95,0.6375,30.565,14.275,2.845782823,22.42,14,8.42
2024,Paddy,WAYANAD,17813.462,6429.95,2611,0.0375,28.725,16.925,2.770388883,22.825,14,8.825
2016,Pepper,ALAPPUZHA,124.706,568.24,2485.066667,-0.115833333,35.31666667,23.675,0.219460087,29.49583333,10,19.49583333
2017,Pepper,ALAPPUZHA,124.47,557.45,2041,-0.271666667,36.5,20.3,0.2232846,28.4,10,18.4
2018,Pepper,ALAPPUZHA,113.776,558.67,2421.933333,0.090833333,35.75833333,20.875,0.203655109,28.31666667,10,18.31666667
2019,Pepper,ALAPPUZHA,110.67,564.14,3198.908333,0.1775,34.80833333,20.18333333,0.196174708,27.49583333,10,17.49583333
2020,Pepper,ALAPPUZHA,125.688,625.57,3131.458333,0.155,33.75,22.525,0.200917563,28.1375,10,18.1375
2021,Pepper,ALAPPUZHA,100.375,537.84,3380.325,0.241666667,33.16666667,21.91666667,0.186626134,27.54166667,10,17.54166667
2022,Pepper,ALAPPUZHA,90.742,552.74,3203.3,0.164166667,35.50833333,21.65,0.164167601,28.57916667,10,18.57916667
2023,Pepper,ALAPPUZHA,108.107,558.15,1966.241667,-0.295,35.13333333,18.8,0.193688077,26.96666667,10,16.96666667
2024,Pepper,ALAPPUZHA,139.642,579.95,2946.833333,0.118333333,36.01666667,23.775,0.240782826,29.89583333,10,19.89583333
2016,Pepper,ERNAKULAM,494.743,1723.42,2848.607143,-0.086428571,36.01428571,23.14285714,0.287070476,29.57857143,10,19.57857143
2017,Pepper,ERNAKULAM,451.714,1700.05,2268.571429,-0.22,37.64285714,20.92857143,0.265706303,29.28571429,10,19.28571429
2018,Pepper,ERNAKULAM,422.241,1601.27,2723.042857,0.115,36.11428571,20.28571429,0.26369132,28.2,10,18.2
2019,Pepper,ERNAKULAM,409.308,1674.87,3800.271429,0.261428571,34.50714286,20.65714286,0.244381952,27.58214286,10,17.58214286
2020,Pepper,ERNAKULAM,389.802,1711.43,3743.057143,0.249285714,34.14285714,23.5,0.227763917,28.82142857,10,18.82142857
2021,Pepper,ERNAKULAM,375.744,1582.56,3735.2,0.235,35.2,20.72857143,0.237427965,27.96428571,10,17.96428571
2022,Pepper,ERNAKULAM,325.36,1481.7,3853.642857,0.267857143,34.82142857,21.34285714,0.219585611,28.08214286,10,18.08214286
2023,Pepper,ERNAKULAM,347.844,1469.97,2785.7,-0.095,34.28571429,18.27857143,0.236633401,26.28214286,10,16.28214286
2024,Pepper,ERNAKULAM,347.504,1487.51,3127.957143,0.44,36.71428571,23.24285714,0.233614564,29.97857143,10,19.97857143
2016,Pepper,IDUKKI,19789.49,42211.85,2554.175,0.22625,34.05,15.375,0.59730486,24.7125,10,14.7125
2017,Pepper,IDUKKI,18713.872,41771.3,2068.3625,-0.00875,32.875,18.25,0.448007891,25.5625,10,15.5625
2018,Pepper,IDUKKI,19789.49,42211.85,2633.575,0.52875,30.2,14.6,0.552624372,22.4,10,12.4
2019,Pepper,IDUKKI,19789.49,40966.63,3856.325,0.91625,31.85,16.375,0.550015732,24.1125,10,14.1125
2020,Pepper,IDUKKI,19733.398,40752.69,2864.25,0.3725,32.5,18.875,0.484223201,25.6875,10,15.6875
2021,Pepper,IDUKKI,18883.453,40118.03,3301.2,0.605,28.5,21.6125,0.470697415,25.05625,10,15.05625
2022,Pepper,IDUKKI,19789.49,38801.93,3733.6125,0.8,29.425,14.375,0.514349827,21.9,10,11.9
2023,Pepper,IDUKKI,15956.554,35246.56,2839.55,0.335,24.4375,11.85,0.452712378,18.14375,10,8.14375
2024,Pepper,IDUKKI,17690.885,34621.1,2785.8375,0.07,34.75,15.475,0.510985642,25.1125,10,15.1125
2016,Pepper,KANNUR,1507.261,4059.99,2691.336364,-0.183636364,37.85454545,21.84545455,0.371247466,29.85,10,19.85
2017,Pepper,KANNUR,2209.731,3764.18,2641.554545,-0.147272727,36.64545455,21.80909091,0.587041799,29.22727273,10,19.22727273
2018,Pepper,KANNUR,1317.91,3658.25,2476.518182,0.044545455,36.68181818,20.30909091,0.360256953,28.49545455,10,18.49545455
2019,Pepper,KANNUR,1164.296,3643.8,3597.536364,0.193636364,32.8,20.50909091,0.319527965,26.65454545,10,16.65454545
2020,Pepper,KANNUR,1911.802,4011.36,4521.518182,0.484545455,35,20.89090909,0.476596965,27.94545455,10,17.94545455
2021,Pepper,KANNUR,1524.483,3810.29,4429.727273,0.427272727,35.74545455,23.7,0.400096318,29.72272727,10,19.72272727
2022,Pepper,KANNUR,998.532,2997.65,3455.027273,0.138181818,37.85454545,19.02727273,0.333104932,28.44090909,10,18.44090909
2023,Pepper,KANNUR,958.51,3351.14,3178,0.047272727,37.80909091,18.64545455,0.286025054,28.22727273,10,18.22727273
2024,Pepper,KANNUR,1530.74,3364.25,2870.554545,-2.430909091,38.55454545,21.94545455,0.455001858,30.25,10,20.25
2016,Pepper,KASARAGOD,1176.695,2694.97,2622.516667,0.023333333,38.23333333,19.11666667,0.436626382,28.675,10,18.675
2017,Pepper,KASARAGOD,1718.466,27393.04,2625.45,-0.356666667,37.63333333,20.45,0.062733672,29.04166667,10,19.04166667
2018,Pepper,KASARAGOD,1517.303,2756.99,2431.95,-0.213333333,37.71666667,20.86666667,0.550347662,29.29166667,10,19.29166667
2019,Pepper,KASARAGOD,1383.189,2991.9,3051,-0.226666667,34.86666667,19.33333333,0.46231124,27.1,10,17.1
2020,Pepper,KASARAGOD,1682.003,3253.66,4294.766667,0.111666667,36,20.83333333,0.516957211,28.41666667,10,18.41666667
2021,Pepper,KASARAGOD,1584.03,3087.48,4737.25,0.195,35.5,24.03333333,0.513049477,29.76666667,10,19.76666667
2022,Pepper,KASARAGOD,1605.253,2993.91,3239.233333,-0.196666667,35.31666667,20.36666667,0.536172764,27.84166667,10,17.84166667
2023,Pepper,KASARAGOD,1292.021,3072.76,3136.966667,-0.223333333,36.96666667,18.33333333,0.420475729,27.65,10,17.65
2024,Pepper,KASARAGOD,1349.215,2823.43,2829.066667,-4.088333333,38.93333333,19.21666667,0.477863804,29.075,10,19.075
2016,Pepper,KOLLAM,1024.008,3168.23,2541.345455,0.089090909,35.41818182,21.98181818,0.323211383,28.7,10,18.7
2017,Pepper,KOLLAM,854.323,3029.83,1802.072727,-0.229090909,35.16363636,21.17272727,0.281970606,28.16818182,10,18.16818182
2018,Pepper,KOLLAM,772.552,2729.05,2459.1,0.255454545,35.95454545,20.91454545,0.28308459,28.43454545,10,18.43454545
2019,Pepper,KOLLAM,809.416,2693.57,2646.627273,0.16,35.15454545,20.70909091,0.300499337,27.93181818,10,17.93181818
2020,Pepper,KOLLAM,802.46,2674.78,2783.627273,0.224545455,36.18181818,22.72727273,0.30000972,29.45454545,10,19.45454545
2021,Pepper,KOLLAM,774.868,2560.49,3142.527273,0.372727273,34,21.84545455,0.302624888,27.92272727,10,17.92272727
2022,Pepper,KOLLAM,597.551,2370.96,2920.027273,0.285454545,30.93636364,19.38181818,0.252029136,25.15909091,10,15.15909091
2023,Pepper,KOLLAM,624.534,2285.39,1683.536364,-0.272727273,35.51818182,17.97272727,0.273272396,26.74545455,10,16.74545455
2024,Pepper,KOLLAM,703.116,2215.38,2429.981818,0.254545455,36.11818182,22.08181818,0.317379411,29.1,10,19.1
2016,Pepper,KOTTAYAM,1129.924,3131.27,11952.75455,2.613636364,35.06363636,23.69090909,0.360851667,29.37727273,10,19.37727273
2017,Pepper,KOTTAYAM,977.906,3078.34,20276.05455,5.145454545,35.51818182,19.48181818,0.317673162,27.5,10,17.5
2018,Pepper,KOTTAYAM,1221.13,3006.17,2802.045455,0.071818182,36.46363636,20.81818182,0.406207899,28.64090909,10,18.64090909
2019,Pepper,KOTTAYAM,1160.716,2852.74,3973.309091,0.245454545,34.56545455,19.60545455,0.406877598,27.08545455,10,17.08545455
2020,Pepper,KOTTAYAM,955.262,2851.85,3539.181818,0.108181818,33.36363636,21.54545455,0.334962218,27.45454545,10,17.45454545
2021,Pepper,KOTTAYAM,953.466,2655.86,3783.936364,0.180909091,38,22.41818182,0.359004616,30.20909091,10,20.20909091
2022,Pepper,KOTTAYAM,814.663,2607.32,3879.936364,0.195454545,35.47272727,21.28181818,0.31245225,28.37727273,10,18.37727273
2023,Pepper,KOTTAYAM,706.409,2737.11,2456.318182,-0.251818182,37.33636364,21.31818182,0.258085718,29.32727273,10,19.32727273
2024,Pepper,KOTTAYAM,778.349,2730.63,3185.536364,0.017272727,35.76363636,23.79090909,0.285043744,29.77727273,10,19.77727273
2016,Pepper,KOZHIKODE,895.659,3297.16,2622.858333,-0.035,38.39166667,22.50833333,0.271645598,30.45,10,20.45
2017,Pepper,KOZHIKODE,989.228,3450.86,2170.516667,-0.224166667,36.95,21.33333333,0.286661296,29.14166667,10,19.14166667
2018,Pepper,KOZHIKODE,565.095,3337.44,2392.958333,0.151666667,36.88333333,20.655,0.169319898,28.76916667,10,18.76916667
2019,Pepper,KOZHIKODE,893.623,3245.96,3766.125,0.389166667,33.4,21.35,0.275303146,27.375,10,17.375
2020,Pepper,KOZHIKODE,811.308,3122.97,3702.458333,0.358333333,34.575,21.59166667,0.259787318,28.08333333,10,18.08333333
2021,Pepper,KOZHIKODE,783.185,3034.96,3946.483333,0.4275,35.41666667,18.3,0.258054472,26.85833333,10,16.85833333
2022,Pepper,KOZHIKODE,588.82,2636,3357.966667,0.205833333,36.13333333,22.175,0.223376328,29.15416667,10,19.15416667
2023,Pepper,KOZHIKODE,659.396,2737.33,3200.375,0.145833333,36.99166667,20.15,0.240890211,28.57083333,10,18.57083333
2024,Pepper,KOZHIKODE,825.029,2860.72,2764.533333,0.0125,39.09166667,22.60833333,0.288399074,30.85,10,20.85
2016,Pepper,MALAPPURAM,407.399,2598.99,2064.08,-0.061333333,37.8,20.64666667,0.156752816,29.22333333,10,19.22333333
2017,Pepper,MALAPPURAM,519.711,2164.69,1464.18,-0.424666667,37.1,21,0.240085647,29.05,10,19.05
2018,Pepper,MALAPPURAM,438.748,2255.92,1974.04,0.018,36.92,20.44666667,0.194487393,28.68333333,10,18.68333333
2019,Pepper,MALAPPURAM,440.475,2106.19,2851.553333,0.170666667,35.55333333,19.99333333,0.209133554,27.77333333,10,17.77333333
2020,Pepper,MALAPPURAM,514.566,2459.14,2804.94,0.142,35.44,20.50666667,0.209246322,27.97333333,10,17.97333333
2021,Pepper,MALAPPURAM,565.691,2311.78,2931.28,0.183333333,34,16.91333333,0.244699323,25.45666667,10,15.45666667
2022,Pepper,MALAPPURAM,378.792,1746.77,2714.18,0.09,35.03333333,19.02666667,0.21685282,27.03,10,17.03
2023,Pepper,MALAPPURAM,420.83,2042.09,3442.74,0.362666667,37.44666667,19.76666667,0.206078087,28.60666667,10,18.60666667
2024,Pepper,MALAPPURAM,596.986,2190.17,2237.106667,0.012,38.5,20.74666667,0.272575188,29.62333333,10,19.62333333
2016,Pepper,PALAKKAD,937.3,2462.4,1682.5,0.506923077,37.43076923,19.74615385,0.380644899,28.58846154,10,18.58846154
2017,Pepper,PALAKKAD,993.832,2467.93,1303.684615,-0.233846154,38,19,0.402698618,28.5,10,18.5
2018,Pepper,PALAKKAD,883.866,2257.45,1805.869231,0.330769231,39,19.36153846,0.391532924,29.18076923,10,19.18076923
2019,Pepper,PALAKKAD,842.041,2543.38,2610.730769,0.586153846,37.45384615,20.1,0.331071645,28.77692308,10,18.77692308
2020,Pepper,PALAKKAD,979.826,2581.86,2503.692308,0.476923077,37.90769231,20.59230769,0.379503924,29.25,10,19.25
2021,Pepper,PALAKKAD,1148.776,2721.8,2408.184615,0.4,37.43076923,18.46153846,0.42206481,27.94615385,10,17.94615385
2022,Pepper,PALAKKAD,983.16,2261.27,2348.576923,0.349230769,35.9,18.53076923,0.434782224,27.21538462,10,17.21538462
2023,Pepper,PALAKKAD,996.38,2508.4,1964.061538,0.139230769,40.10769231,20.56153846,0.39721735,30.33461538,10,20.33461538
2024,Pepper,PALAKKAD,1085.91,2684.13,1857.969231,-0.101538462,40.15384615,19.84615385,0.404566843,30,10,20
2016,Pepper,PATHANAMTHITTA,568.653,1610.66,4383.4875,0.565,34.8875,22.1125,0.35305589,28.5,10,18.5
2017,Pepper,PATHANAMTHITTA,488.881,1566.77,5348.6,0.7575,36.25,20.75,0.312031121,28.5,10,18.5
2018,Pepper,PATHANAMTHITTA,568.477,1573.06,2780.3,0.34125,35.8375,19.3,0.36138291,27.56875,10,17.56875
2019,Pepper,PATHANAMTHITTA,467.483,1481.51,3503.8125,0.46,36,19.375,0.315544951,27.6875,10,17.6875
2020,Pepper,PATHANAMTHITTA,463.733,1514.46,3096.5375,0.2975,35.375,21.625,0.306203531,28.5,10,18.5
2021,Pepper,PATHANAMTHITTA,405.449,1273.2,3631.1375,0.48625,35,22.5125,0.31844879,28.75625,10,18.75625
2022,Pepper,PATHANAMTHITTA,388.924,1250.11,3784.85,0.5775,35.4625,20.7375,0.311111822,28.1,10,18.1
2023,Pepper,PATHANAMTHITTA,391.793,1271.89,2255.4375,-0.095,35.9,19.5875,0.308040003,27.74375,10,17.74375
2024,Pepper,PATHANAMTHITTA,365.839,1290.35,2912.0875,-0.54875,35.5875,22.2125,0.2835192,28.9,10,18.9
2016,Pepper,THRISSUR,434.75,1565.22,2516.7625,-0.059375,36.25,22.84375,0.277756482,29.546875,10,19.546875
2017,Pepper,THRISSUR,433.246,1687.3,1684.08125,-0.370625,39.3625,19.2875,0.256768802,29.325,10,19.325
2018,Pepper,THRISSUR,507.693,1568.27,1917.3875,-0.049375,36.54375,20.69375,0.323728057,28.61875,10,18.61875
2019,Pepper,THRISSUR,442.089,1517.12,2845.03125,0.105,34.69375,20.96875,0.291400153,27.83125,10,17.83125
2020,Pepper,THRISSUR,408.22,1507.2,3046.94375,0.173125,34.6625,21.95625,0.270846603,28.309375,10,18.309375
2021,Pepper,THRISSUR,415.33,1380.47,3143.11875,0.194375,37.7,19.2875,0.300861301,28.49375,10,18.49375
2022,Pepper,THRISSUR,389.329,1442.42,3315.9125,0.25125,33.075,21.58125,0.269913756,27.328125,10,17.328125
2023,Pepper,THRISSUR,416.057,1463.77,2076.30625,-0.2225,36.8625,18.94375,0.284236595,27.903125,10,17.903125
2024,Pepper,THRISSUR,381.746,1445.69,2456.45625,0.113125,36.95,22.94375,0.264057993,29.946875,10,19.946875
2016,Pepper,TRIVANDRUM,886.221,2064.3,2453.145455,0.537272727,35.90909091,23.75454545,0.42930824,29.83181818,10,19.83181818
2017,Pepper,TRIVANDRUM,788.113,1967.68,1464.681818,-0.102727273,34.27272727,22.27272727,0.400529049,28.27272727,10,18.27272727
2018,Pepper,TRIVANDRUM,624.747,1772.84,2217.3,0.589090909,36.03636364,20.45454545,0.352398976,28.24545455,10,18.24545455
2019,Pepper,TRIVANDRUM,619.655,1823.43,2444.109091,0.57,34.33636364,20.89090909,0.339829333,27.61363636,10,17.61363636
2020,Pepper,TRIVANDRUM,556.148,1755.94,2817.563636,0.801818182,35.81818182,22.45454545,0.316723806,29.13636364,10,19.13636364
2021,Pepper,TRIVANDRUM,471.597,1460.16,2914.254545,0.844545455,34,21.4,0.322976249,27.7,10,17.7
2022,Pepper,TRIVANDRUM,381.265,1298.01,3001.181818,0.906363636,35.27272727,24.24545455,0.293730403,29.75909091,10,19.75909091
2023,Pepper,TRIVANDRUM,585.1,1821.52,1565.372727,-0.019090909,34.80909091,18.14545455,0.321215249,26.47727273,10,16.47727273
2024,Pepper,TRIVANDRUM,483.694,1796.24,2557.081818,19.80545455,36.60909091,23.85454545,0.269281388,30.23181818,10,20.23181818
2016,Pepper,WAYANAD,6585.409,12468.93,2159.475,-0.205,28.025,16.825,0.528145478,22.425,10,12.425
2017,Pepper,WAYANAD,3866.641,1915.01,2041.125,0.28,34.8,20,2.019123138,27.4,10,17.4
2018,Pepper,WAYANAD,3040.472,9852.5,2008.3,0.5975,33.5,16.75,0.308599036,25.125,10,15.125
2019,Pepper,WAYANAD,2881.936,9143.99,3510.8,1.2375,33.25,15.575,0.315172698,24.4125,10,14.4125
2020,Pepper,WAYANAD,3416.326,9422.49,2703.975,0.7,35.25,17.25,0.362571465,26.25,10,16.25
2021,Pepper,WAYANAD,4714.025,10401.77,2942.675,0.8175,32,10.7,0.453194504,21.35,10,11.35
2022,Pepper,WAYANAD,3540.294,8668.35,2674.775,0.6175,25.275,14.375,0.408416135,19.825,10,9.825
2023,Pepper,WAYANAD,3026.566,7933.75,2739.95,0.6375,30.565,14.275,0.38147988,22.42,10,12.42
2024,Pepper,WAYANAD,3041.746,7441.37,2611,0.0375,28.725,16.925,0.408761559,22.825,10,12.825
2016,Tapioca,ALAPPUZHA,82382.177,2519.62,2485.066667,-0.115833333,35.31666667,23.675,32.69627047,29.49583333,10,19.49583333
2017,Tapioca,ALAPPUZHA,97476.231,2431.81,2041,-0.271666667,36.5,20.3,40.08381864,28.4,10,18.4
2018,Tapioca,ALAPPUZHA,80975.554,2359.94,2421.933333,0.090833333,35.75833333,20.875,34.31254778,28.31666667,10,18.31666667
2019,Tapioca,ALAPPUZHA,56854.905,1756.25,3198.908333,0.1775,34.80833333,20.18333333,32.37289964,27.49583333,10,17.49583333
2020,Tapioca,ALAPPUZHA,88924.042,2088.16,3131.458333,0.155,33.75,22.525,42.58487951,28.1375,10,18.1375
2021,Tapioca,ALAPPUZHA,111079.427,2111.25,3380.325,0.241666667,33.16666667,21.91666667,52.6131093,27.54166667,10,17.54166667
2022,Tapioca,ALAPPUZHA,80340.534,1814.18,3203.3,0.164166667,35.50833333,21.65,44.28476447,28.57916667,10,18.57916667
2023,Tapioca,ALAPPUZHA,76433.41,1833.33,1966.241667,-0.295,35.13333333,18.8,41.69102671,26.96666667,10,16.96666667
2024,Tapioca,ALAPPUZHA,65287.218,1831.95,2946.833333,0.118333333,36.01666667,23.775,35.63810038,29.89583333,10,19.89583333
2016,Tapioca,ERNAKULAM,215810.895,4715.87,2848.607143,-0.086428571,36.01428571,23.14285714,45.7626896,29.57857143,10,19.57857143
2017,Tapioca,ERNAKULAM,209402.473,4944.11,2268.571429,-0.22,37.64285714,20.92857143,42.35392679,29.28571429,10,19.28571429
2018,Tapioca,ERNAKULAM,243091.187,5227.17,2723.042857,0.115,36.11428571,20.28571429,46.50531492,28.2,10,18.2
2019,Tapioca,ERNAKULAM,181704.749,4544.31,3800.271429,0.261428571,34.50714286,20.65714286,39.98511303,27.58214286,10,17.58214286
2020,Tapioca,ERNAKULAM,243577.015,4693.1,3743.057143,0.249285714,34.14285714,23.5,51.90109203,28.82142857,10,18.82142857
2021,Tapioca,ERNAKULAM,308020.326,5418.12,3735.2,0.235,35.2,20.72857143,56.85003765,27.96428571,10,17.96428571
2022,Tapioca,ERNAKULAM,273273.083,5163.06,3853.642857,0.267857143,34.82142857,21.34285714,52.92851197,28.08214286,10,18.08214286
2023,Tapioca,ERNAKULAM,248119.17,4993.98,2785.7,-0.095,34.28571429,18.27857143,49.68365312,26.28214286,10,16.28214286
2024,Tapioca,ERNAKULAM,238208.369,4974.79,3127.957143,0.44,36.71428571,23.24285714,47.88310039,29.97857143,10,19.97857143
2016,Tapioca,IDUKKI,316947.549,6875.82,2554.175,0.22625,34.05,15.375,46.09596368,24.7125,10,14.7125
2017,Tapioca,IDUKKI,293933.26,6672.01,2068.3625,-0.00875,32.875,18.25,44.05467917,25.5625,10,15.5625
2018,Tapioca,IDUKKI,280507.194,6535.79,2633.575,0.52875,30.2,14.6,42.91863631,22.4,10,12.4
2019,Tapioca,IDUKKI,230697.871,5602.99,3856.325,0.91625,31.85,16.375,41.17406438,24.1125,10,14.1125
2020,Tapioca,IDUKKI,255109.326,5415.12,2864.25,0.3725,32.5,18.875,47.11055821,25.6875,10,15.6875
2021,Tapioca,IDUKKI,285534.115,5261.34,3301.2,0.605,28.5,21.6125,54.27022679,25.05625,10,15.05625
2022,Tapioca,IDUKKI,248192.153,4539.71,3733.6125,0.8,29.425,14.375,54.67136733,21.9,10,11.9
2023,Tapioca,IDUKKI,228623.33,4638.41,2839.55,0.335,24.4375,11.85,49.28915943,18.14375,10,8.14375
2024,Tapioca,IDUKKI,233354.28,4380.86,2785.8375,0.07,34.75,15.475,53.2667741,25.1125,10,15.1125
2016,Tapioca,KANNUR,63074.645,1592.4,2691.336364,-0.183636364,37.85454545,21.84545455,39.60979967,29.85,10,19.85
2017,Tapioca,KANNUR,62046.22,1507.38,2641.554545,-0.147272727,36.64545455,21.80909091,41.16163144,29.22727273,10,19.22727273
2018,Tapioca,KANNUR,71761.997,1741.63,2476.518182,0.044545455,36.68181818,20.30909091,41.20392793,28.49545455,10,18.49545455
2019,Tapioca,KANNUR,59855.995,1652.23,3597.536364,0.193636364,32.8,20.50909091,36.22739873,26.65454545,10,16.65454545
2020,Tapioca,KANNUR,53966.096,1426.53,4521.518182,0.484545455,35,20.89090909,37.83032674,27.94545455,10,17.94545455
2021,Tapioca,KANNUR,61737.264,1342.15,4429.727273,0.427272727,35.74545455,23.7,45.99878106,29.72272727,10,19.72272727
2022,Tapioca,KANNUR,38321.655,850.09,3455.027273,0.138181818,37.85454545,19.02727273,45.07952687,28.44090909,10,18.44090909
2023,Tapioca,KANNUR,39759.21,953.61,3178,0.047272727,37.80909091,18.64545455,41.69336521,28.22727273,10,18.22727273
2024,Tapioca,KANNUR,45372.094,1047.71,2870.554545,-2.430909091,38.55454545,21.94545455,43.30596635,30.25,10,20.25
2016,Tapioca,KASARAGOD,19781.496,492.64,2622.516667,0.023333333,38.23333333,19.11666667,40.15405976,28.675,10,18.675
2017,Tapioca,KASARAGOD,13404.072,433.44,2625.45,-0.356666667,37.63333333,20.45,30.92486157,29.04166667,10,19.04166667
2018,Tapioca,KASARAGOD,14827.586,461.13,2431.95,-0.213333333,37.71666667,20.86666667,32.15489341,29.29166667,10,19.29166667
2019,Tapioca,KASARAGOD,12372.44,407.73,3051,-0.226666667,34.86666667,19.33333333,30.34468889,27.1,10,17.1
2020,Tapioca,KASARAGOD,13619.748,431.09,4294.766667,0.111666667,36,20.83333333,31.59374609,28.41666667,10,18.41666667
2021,Tapioca,KASARAGOD,25170.753,651.61,4737.25,0.195,35.5,24.03333333,38.62855542,29.76666667,10,19.76666667
2022,Tapioca,KASARAGOD,15370.009,349.96,3239.233333,-0.196666667,35.31666667,20.36666667,43.91933078,27.84166667,10,17.84166667
2023,Tapioca,KASARAGOD,19441.43,473.35,3136.966667,-0.223333333,36.96666667,18.33333333,41.07199746,27.65,10,17.65
2024,Tapioca,KASARAGOD,14965.991,432.95,2829.066667,-4.088333333,38.93333333,19.21666667,34.56748123,29.075,10,19.075
2016,Tapioca,KOLLAM,517194.365,13975.11,2541.345455,0.089090909,35.41818182,21.98181818,35.13940174,28.7,10,18.7
2017,Tapioca,KOLLAM,427788.052,13975.11,1802.072727,-0.229090909,35.16363636,21.17272727,30.53229976,28.16818182,10,18.16818182
2018,Tapioca,KOLLAM,474997.365,13867.44,2459.1,0.255454545,35.95454545,20.91454545,34.25270742,28.43454545,10,18.43454545
2019,Tapioca,KOLLAM,439368.54,12485.47,2646.627273,0.16,35.15454545,20.70909091,35.19038851,27.93181818,10,17.93181818
2020,Tapioca,KOLLAM,486193.204,12764.02,2783.627273,0.224545455,36.18181818,22.72727273,38.09091524,29.45454545,10,19.45454545
2021,Tapioca,KOLLAM,603133.357,13198.11,3142.527273,0.372727273,34,21.84545455,45.69846417,27.92272727,10,17.92272727
2022,Tapioca,KOLLAM,518676.495,11885.94,2920.027273,0.285454545,30.93636364,19.38181818,43.63781872,25.15909091,10,15.15909091
2023,Tapioca,KOLLAM,389146.21,10181.96,1683.536364,-0.272727273,35.51818182,17.97272727,38.21918471,26.74545455,10,16.74545455
2024,Tapioca,KOLLAM,403101.928,10220.63,2429.981818,0.254545455,36.11818182,22.08181818,39.44002747,29.1,10,19.1
2016,Tapioca,KOTTAYAM,1129.924,5543.29,11952.75455,2.613636364,35.06363636,23.69090909,0.20383635,29.37727273,10,19.37727273
2017,Tapioca,KOTTAYAM,233412.341,5764.85,20276.05455,5.145454545,35.51818182,19.48181818,40.48888367,27.5,10,17.5
2018,Tapioca,KOTTAYAM,256304.359,5963.92,2802.045455,0.071818182,36.46363636,20.81818182,42.9758211,28.64090909,10,18.64090909
2019,Tapioca,KOTTAYAM,251914.36,5755.94,3973.309091,0.245454545,34.56545455,19.60545455,43.76598088,27.08545455,10,17.08545455
2020,Tapioca,KOTTAYAM,282375.419,5961.37,3539.181818,0.108181818,33.36363636,21.54545455,47.36753783,27.45454545,10,17.45454545
2021,Tapioca,KOTTAYAM,339283.672,6255.94,3783.936364,0.180909091,38,22.41818182,54.23384367,30.20909091,10,20.20909091
2022,Tapioca,KOTTAYAM,301400.123,6002.24,3879.936364,0.195454545,35.47272727,21.28181818,50.21460705,28.37727273,10,18.37727273
2023,Tapioca,KOTTAYAM,330257.6,6506.19,2456.318182,-0.251818182,37.33636364,21.31818182,50.7605219,29.32727273,10,19.32727273
2024,Tapioca,KOTTAYAM,332803.823,6364.75,3185.536364,0.017272727,35.76363636,23.79090909,52.28859311,29.77727273,10,19.77727273
2016,Tapioca,KOZHIKODE,38869.121,1560.38,2622.858333,-0.035,38.39166667,22.50833333,24.91003538,30.45,10,20.45
2017,Tapioca,KOZHIKODE,39592.212,1368.23,2170.516667,-0.224166667,36.95,21.33333333,28.93681033,29.14166667,10,19.14166667
2018,Tapioca,KOZHIKODE,43230.721,1429.68,2392.958333,0.151666667,36.88333333,20.655,30.23803998,28.76916667,10,18.76916667
2019,Tapioca,KOZHIKODE,33813.767,1244.8,3766.125,0.389166667,33.4,21.35,27.16401591,27.375,10,17.375
2020,Tapioca,KOZHIKODE,42091.893,1211.53,3702.458333,0.358333333,34.575,21.59166667,34.7427575,28.08333333,10,18.08333333
2021,Tapioca,KOZHIKODE,60351.966,1552.76,3946.483333,0.4275,35.41666667,18.3,38.86754296,26.85833333,10,16.85833333
2022,Tapioca,KOZHIKODE,40442.114,925.91,3357.966667,0.205833333,36.13333333,22.175,43.67823439,29.15416667,10,19.15416667
2023,Tapioca,KOZHIKODE,30450.2,947.68,3200.375,0.145833333,36.99166667,20.15,32.13131015,28.57083333,10,18.57083333
2024,Tapioca,KOZHIKODE,32985.337,951.86,2764.533333,0.0125,39.09166667,22.60833333,34.65355935,30.85,10,20.85
2016,Tapioca,MALAPPURAM,180951.442,4745.82,2064.08,-0.061333333,37.8,20.64666667,38.12859358,29.22333333,10,19.22333333
2017,Tapioca,MALAPPURAM,173239.733,4917.55,1464.18,-0.424666667,37.1,21,35.22887068,29.05,10,19.05
2018,Tapioca,MALAPPURAM,190824.616,5051.16,1974.04,0.018,36.92,20.44666667,37.77837487,28.68333333,10,18.68333333
2019,Tapioca,MALAPPURAM,168708.722,4592.87,2851.553333,0.170666667,35.55333333,19.99333333,36.73274489,27.77333333,10,17.77333333
2020,Tapioca,MALAPPURAM,143387.37,4119.86,2804.94,0.142,35.44,20.50666667,34.80394237,27.97333333,10,17.97333333
2021,Tapioca,MALAPPURAM,158892.742,3845.63,2931.28,0.183333333,34,16.91333333,41.3177404,25.45666667,10,15.45666667
2022,Tapioca,MALAPPURAM,140357.762,3024.47,2714.18,0.09,35.03333333,19.02666667,46.40739105,27.03,10,17.03
2023,Tapioca,MALAPPURAM,130559.83,3112.01,3442.74,0.362666667,37.44666667,19.76666667,41.95353807,28.60666667,10,18.60666667
2024,Tapioca,MALAPPURAM,148620.418,3646.08,2237.106667,0.012,38.5,20.74666667,40.76169969,29.62333333,10,19.62333333
2016,Tapioca,PALAKKAD,61400.339,1925.89,1682.5,0.506923077,37.43076923,19.74615385,31.88153996,28.58846154,10,18.58846154
2017,Tapioca,PALAKKAD,54807.381,1888.49,1303.684615,-0.233846154,38,19,29.02180102,28.5,10,18.5
2018,Tapioca,PALAKKAD,55450.464,1794.74,1805.869231,0.330769231,39,19.36153846,30.8960986,29.18076923,10,19.18076923
2019,Tapioca,PALAKKAD,53169.436,1644.52,2610.730769,0.586153846,37.45384615,20.1,32.33127964,28.77692308,10,18.77692308
2020,Tapioca,PALAKKAD,106562.755,2183.94,2503.692308,0.476923077,37.90769231,20.59230769,48.79381073,29.25,10,19.25
2021,Tapioca,PALAKKAD,114799.458,2019.2,2408.184615,0.4,37.43076923,18.46153846,56.85393126,27.94615385,10,17.94615385
2022,Tapioca,PALAKKAD,59666.623,1364.35,2348.576923,0.349230769,35.9,18.53076923,43.73263679,27.21538462,10,17.21538462
2023,Tapioca,PALAKKAD,49910.19,1094.33,1964.061538,0.139230769,40.10769231,20.56153846,45.60798845,30.33461538,10,20.33461538
2024,Tapioca,PALAKKAD,45565.416,1134.58,1857.969231,-0.101538462,40.15384615,19.84615385,40.16060216,30,10,20
2016,Tapioca,PATHANAMTHITTA,201626.232,5044.22,4383.4875,0.565,34.8875,22.1125,39.97173636,28.5,10,18.5
2017,Tapioca,PATHANAMTHITTA,208942.921,4662.55,5348.6,0.7575,36.25,20.75,44.81301455,28.5,10,18.5
2018,Tapioca,PATHANAMTHITTA,211341.713,4816.77,2780.3,0.34125,35.8375,19.3,43.87623096,27.56875,10,17.56875
2019,Tapioca,PATHANAMTHITTA,198715.125,4412.04,3503.8125,0.46,36,19.375,45.03928455,27.6875,10,17.6875
2020,Tapioca,PATHANAMTHITTA,220799.235,4503.37,3096.5375,0.2975,35.375,21.625,49.02977881,28.5,10,18.5
2021,Tapioca,PATHANAMTHITTA,216856.438,4254.08,3631.1375,0.48625,35,22.5125,50.97610717,28.75625,10,18.75625
2022,Tapioca,PATHANAMTHITTA,180123.032,3683.68,3784.85,0.5775,35.4625,20.7375,48.89757851,28.1,10,18.1
2023,Tapioca,PATHANAMTHITTA,183350.17,3632.18,2255.4375,-0.095,35.9,19.5875,50.47937327,27.74375,10,17.74375
2024,Tapioca,PATHANAMTHITTA,163936.121,3186.6,2912.0875,-0.54875,35.5875,22.2125,51.4454657,28.9,10,18.9
2016,Tapioca,THRISSUR,49341.926,1174.96,2516.7625,-0.059375,36.25,22.84375,41.99455811,29.546875,10,19.546875
2017,Tapioca,THRISSUR,43910.975,1098,1684.08125,-0.370625,39.3625,19.2875,39.99178051,29.325,10,19.325
2018,Tapioca,THRISSUR,50474.852,1115.72,1917.3875,-0.049375,36.54375,20.69375,45.23971247,28.61875,10,18.61875
2019,Tapioca,THRISSUR,38057.353,896.38,2845.03125,0.105,34.69375,20.96875,42.45671813,27.83125,10,17.83125
2020,Tapioca,THRISSUR,41077.696,873.8,3046.94375,0.173125,34.6625,21.95625,47.0104097,28.309375,10,18.309375
2021,Tapioca,THRISSUR,65048.729,1086.65,3143.11875,0.194375,37.7,19.2875,59.86171168,28.49375,10,18.49375
2022,Tapioca,THRISSUR,46088.173,886.33,3315.9125,0.25125,33.075,21.58125,51.99888642,27.328125,10,17.328125
2023,Tapioca,THRISSUR,37995.97,836.57,2076.30625,-0.2225,36.8625,18.94375,45.41875755,27.903125,10,17.903125
2024,Tapioca,THRISSUR,43770.757,966.86,2456.45625,0.113125,36.95,22.94375,45.27103924,29.946875,10,19.946875
2016,Tapioca,TRIVANDRUM,474980.3,12850.78,2453.145455,0.537272727,35.90909091,23.75454545,36.96120391,29.83181818,10,19.83181818
2017,Tapioca,TRIVANDRUM,469460.521,13087.35,1464.681818,-0.102727273,34.27272727,22.27272727,35.87132009,28.27272727,10,18.27272727
2018,Tapioca,TRIVANDRUM,491916.854,13512.68,2217.3,0.589090909,36.03636364,20.45454545,36.4040926,28.24545455,10,18.24545455
2019,Tapioca,TRIVANDRUM,428411.115,11561.51,2444.109091,0.57,34.33636364,20.89090909,37.05494481,27.61363636,10,17.61363636
2020,Tapioca,TRIVANDRUM,397997.697,11151.61,2817.563636,0.801818182,35.81818182,22.45454545,35.68970732,29.13636364,10,19.13636364
2021,Tapioca,TRIVANDRUM,433694.035,11728.67,2914.254545,0.844545455,34,21.4,36.97725616,27.7,10,17.7
2022,Tapioca,TRIVANDRUM,366622.784,10462.92,3001.181818,0.906363636,35.27272727,24.24545455,35.04019757,29.75909091,10,19.75909091
2023,Tapioca,TRIVANDRUM,436242.56,12120.24,1565.372727,-0.019090909,34.80909091,18.14545455,35.99289783,26.47727273,10,16.47727273
2024,Tapioca,TRIVANDRUM,399163.146,11854.58,2557.081818,19.80545455,36.60909091,23.85454545,33.67163965,30.23181818,10,20.23181818
2016,Tapioca,WAYANAD,76186.136,1835.62,2159.475,-0.205,28.025,16.825,41.50430699,22.425,10,12.425
2017,Tapioca,WAYANAD,56072.777,1540.78,2041.125,0.28,34.8,20,36.39246161,27.4,10,17.4
2018,Tapioca,WAYANAD,63548.37,1749.24,2008.3,0.5975,33.5,16.75,36.32913151,25.125,10,15.125
2019,Tapioca,WAYANAD,36742.222,1075.25,3510.8,1.2375,33.25,15.575,34.17086445,24.4125,10,14.4125
2020,Tapioca,WAYANAD,44476.783,1064.39,2703.975,0.7,35.25,17.25,41.78617142,26.25,10,16.25
2021,Tapioca,WAYANAD,62269.048,1322.49,2942.675,0.8175,32,10.7,47.08470234,21.35,10,11.35
2022,Tapioca,WAYANAD,48604.882,1115.23,2674.775,0.6175,25.275,14.375,43.58283224,19.825,10,9.825
2023,Tapioca,WAYANAD,41216.35,930.67,2739.95,0.6375,30.565,14.275,44.28675041,22.42,10,12.42
2024,Tapioca,WAYANAD,59058.804,1325.32,2611,0.0375,28.725,16.925,44.56192014,22.825,10,12.825
